{
  "Bleu_4": 0.9707865195383757,
  "METEOR": 0.7887653835397767,
  "CIDEr": 9.332990983959254,
  "SPICE": null
}